source,target,pre_n_docs,post_n_docs,pre_total_docs,post_total_docs,pre_share,post_share,absolute_gap,absolute_gap_abs,relative_ratio,log2_ratio_smoothed,is_new_after_covid,is_disappeared_after_covid,large_upward_shift,large_downward_shift,p_value_fisher,q_value,signal_label,weight,first_year,last_year,source_category,target_category
data_integrity,oversight,3.0,1.0,5,9,0.6,0.1111111111111111,-0.4888888888888889,0.4888888888888889,0.18654095026807174,-2.4224357230471405,False,False,False,True,0.09490509490509491,0.8531746031746033,large_downward_shift,4.0,2011.0,2021.0,Data,Clinical_Operations
adverse_event_reporting,clinical_trial,2.0,0.0,5,9,0.4,0.0,-0.4,0.4,0.0024937655860349127,-8.64745842645492,False,True,False,True,0.10989010989010989,0.8531746031746033,pre_only_or_decreased_to_zero,2.0,2011.0,2019.0,Data,Clinical_Operations
adverse_event_reporting,data_integrity,2.0,0.0,5,9,0.4,0.0,-0.4,0.4,0.0024937655860349127,-8.64745842645492,False,True,False,True,0.10989010989010989,0.8531746031746033,pre_only_or_decreased_to_zero,2.0,2011.0,2019.0,Data,Data
adverse_event_reporting,oversight,2.0,0.0,5,9,0.4,0.0,-0.4,0.4,0.0024937655860349127,-8.64745842645492,False,True,False,True,0.10989010989010989,0.8531746031746033,pre_only_or_decreased_to_zero,2.0,2011.0,2019.0,Data,Clinical_Operations
clinical_study,clinical_trial,2.0,0.0,5,9,0.4,0.0,-0.4,0.4,0.0024937655860349127,-8.64745842645492,False,True,False,True,0.10989010989010989,0.8531746031746033,pre_only_or_decreased_to_zero,2.0,2017.0,2019.0,Clinical_Operations,Clinical_Operations
clinical_study,data_integrity,2.0,0.0,5,9,0.4,0.0,-0.4,0.4,0.0024937655860349127,-8.64745842645492,False,True,False,True,0.10989010989010989,0.8531746031746033,pre_only_or_decreased_to_zero,2.0,2017.0,2019.0,Clinical_Operations,Data
clinical_study,oversight,2.0,0.0,5,9,0.4,0.0,-0.4,0.4,0.0024937655860349127,-8.64745842645492,False,True,False,True,0.10989010989010989,0.8531746031746033,pre_only_or_decreased_to_zero,2.0,2017.0,2019.0,Clinical_Operations,Clinical_Operations
clinical_study,regulatory_guideline,2.0,0.0,5,9,0.4,0.0,-0.4,0.4,0.0024937655860349127,-8.64745842645492,False,True,False,True,0.10989010989010989,0.8531746031746033,pre_only_or_decreased_to_zero,2.0,2017.0,2019.0,Clinical_Operations,Governance
clinical_trial,regulatory_guideline,2.0,0.0,5,9,0.4,0.0,-0.4,0.4,0.0024937655860349127,-8.64745842645492,False,True,False,True,0.10989010989010989,0.8531746031746033,pre_only_or_decreased_to_zero,2.0,2017.0,2019.0,Clinical_Operations,Governance
data_integrity,regulatory_guideline,2.0,0.0,5,9,0.4,0.0,-0.4,0.4,0.0024937655860349127,-8.64745842645492,False,True,False,True,0.10989010989010989,0.8531746031746033,pre_only_or_decreased_to_zero,2.0,2017.0,2019.0,Data,Governance
oversight,quality_assurance,2.0,0.0,5,9,0.4,0.0,-0.4,0.4,0.0024937655860349127,-8.64745842645492,False,True,False,True,0.10989010989010989,0.8531746031746033,pre_only_or_decreased_to_zero,2.0,2011.0,2017.0,Clinical_Operations,RBQM
oversight,regulatory_guideline,2.0,0.0,5,9,0.4,0.0,-0.4,0.4,0.0024937655860349127,-8.64745842645492,False,True,False,True,0.10989010989010989,0.8531746031746033,pre_only_or_decreased_to_zero,2.0,2017.0,2019.0,Clinical_Operations,Governance
clinical_trial,risk_based_monitoring,0.0,3.0,5,9,0.0,0.3333333333333333,0.3333333333333333,0.3333333333333333,334.3333333333333,8.385143389891024,True,False,True,False,0.25824175824175827,0.8531746031746033,new_post_covid,3.0,2023.0,2025.0,Clinical_Operations,Monitoring
clinical_trial,oversight,3.0,3.0,5,9,0.6,0.3333333333333333,-0.26666666666666666,0.26666666666666666,0.5562950637825845,-0.8460777908201611,False,False,False,True,0.5804195804195803,1.0,large_downward_shift,6.0,2011.0,2022.0,Clinical_Operations,Clinical_Operations
clinical_trial,quality_assurance,3.0,3.0,5,9,0.6,0.3333333333333333,-0.26666666666666666,0.26666666666666666,0.5562950637825845,-0.8460777908201611,False,False,False,True,0.5804195804195803,1.0,large_downward_shift,6.0,2011.0,2025.0,Clinical_Operations,RBQM
clinical_trial,interpretability,0.0,2.0,5,9,0.0,0.2222222222222222,0.2222222222222222,0.2222222222222222,223.2222222222222,7.802336847290979,True,False,True,False,0.5054945054945055,0.9993684476443098,new_post_covid,2.0,2020.0,2022.0,Clinical_Operations,AI
clinical_trial,quality_risk_assessment,0.0,2.0,5,9,0.0,0.2222222222222222,0.2222222222222222,0.2222222222222222,223.2222222222222,7.802336847290979,True,False,True,False,0.5054945054945055,0.9993684476443098,new_post_covid,2.0,2020.0,2022.0,Clinical_Operations,Risk
clinical_trial,site_monitoring,0.0,2.0,5,9,0.0,0.2222222222222222,0.2222222222222222,0.2222222222222222,223.2222222222222,7.802336847290979,True,False,True,False,0.5054945054945055,0.9993684476443098,new_post_covid,2.0,2021.0,2025.0,Clinical_Operations,Monitoring
clinical_trial,statistical_modeling,0.0,2.0,5,9,0.0,0.2222222222222222,0.2222222222222222,0.2222222222222222,223.2222222222222,7.802336847290979,True,False,True,False,0.5054945054945055,0.9993684476443098,new_post_covid,2.0,2020.0,2022.0,Clinical_Operations,Statistics
data_integrity,interpretability,0.0,2.0,5,9,0.0,0.2222222222222222,0.2222222222222222,0.2222222222222222,223.2222222222222,7.802336847290979,True,False,True,False,0.5054945054945055,0.9993684476443098,new_post_covid,2.0,2020.0,2022.0,Data,AI
data_integrity,quality_risk_assessment,0.0,2.0,5,9,0.0,0.2222222222222222,0.2222222222222222,0.2222222222222222,223.2222222222222,7.802336847290979,True,False,True,False,0.5054945054945055,0.9993684476443098,new_post_covid,2.0,2020.0,2022.0,Data,Risk
data_integrity,risk_based_monitoring,0.0,2.0,5,9,0.0,0.2222222222222222,0.2222222222222222,0.2222222222222222,223.2222222222222,7.802336847290979,True,False,True,False,0.5054945054945055,0.9993684476443098,new_post_covid,2.0,2024.0,2025.0,Data,Monitoring
data_integrity,site_monitoring,0.0,2.0,5,9,0.0,0.2222222222222222,0.2222222222222222,0.2222222222222222,223.2222222222222,7.802336847290979,True,False,True,False,0.5054945054945055,0.9993684476443098,new_post_covid,2.0,2021.0,2025.0,Data,Monitoring
data_integrity,statistical_modeling,0.0,2.0,5,9,0.0,0.2222222222222222,0.2222222222222222,0.2222222222222222,223.2222222222222,7.802336847290979,True,False,True,False,0.5054945054945055,0.9993684476443098,new_post_covid,2.0,2020.0,2022.0,Data,Statistics
interpretability,quality_assurance,0.0,2.0,5,9,0.0,0.2222222222222222,0.2222222222222222,0.2222222222222222,223.2222222222222,7.802336847290979,True,False,True,False,0.5054945054945055,0.9993684476443098,new_post_covid,2.0,2020.0,2022.0,AI,RBQM
interpretability,quality_risk_assessment,0.0,2.0,5,9,0.0,0.2222222222222222,0.2222222222222222,0.2222222222222222,223.2222222222222,7.802336847290979,True,False,True,False,0.5054945054945055,0.9993684476443098,new_post_covid,2.0,2020.0,2022.0,AI,Risk
interpretability,statistical_modeling,0.0,2.0,5,9,0.0,0.2222222222222222,0.2222222222222222,0.2222222222222222,223.2222222222222,7.802336847290979,True,False,True,False,0.5054945054945055,0.9993684476443098,new_post_covid,2.0,2020.0,2022.0,AI,Statistics
quality_assurance,quality_risk_assessment,0.0,2.0,5,9,0.0,0.2222222222222222,0.2222222222222222,0.2222222222222222,223.2222222222222,7.802336847290979,True,False,True,False,0.5054945054945055,0.9993684476443098,new_post_covid,2.0,2020.0,2022.0,RBQM,Risk
quality_assurance,statistical_modeling,0.0,2.0,5,9,0.0,0.2222222222222222,0.2222222222222222,0.2222222222222222,223.2222222222222,7.802336847290979,True,False,True,False,0.5054945054945055,0.9993684476443098,new_post_covid,2.0,2020.0,2022.0,RBQM,Statistics
quality_risk_assessment,statistical_modeling,0.0,2.0,5,9,0.0,0.2222222222222222,0.2222222222222222,0.2222222222222222,223.2222222222222,7.802336847290979,True,False,True,False,0.5054945054945055,0.9993684476443098,new_post_covid,2.0,2020.0,2022.0,Risk,Statistics
accountability,centralized_monitoring,1.0,0.0,5,9,0.2,0.0,-0.2,0.2,0.004975124378109453,-7.651051691178929,False,True,False,True,0.35714285714285715,0.8531746031746033,pre_only_or_decreased_to_zero,,,,,
accountability,clinical_trial,1.0,0.0,5,9,0.2,0.0,-0.2,0.2,0.004975124378109453,-7.651051691178929,False,True,False,True,0.35714285714285715,0.8531746031746033,pre_only_or_decreased_to_zero,,,,,
accountability,data_integrity,1.0,0.0,5,9,0.2,0.0,-0.2,0.2,0.004975124378109453,-7.651051691178929,False,True,False,True,0.35714285714285715,0.8531746031746033,pre_only_or_decreased_to_zero,,,,,
accountability,governance,1.0,0.0,5,9,0.2,0.0,-0.2,0.2,0.004975124378109453,-7.651051691178929,False,True,False,True,0.35714285714285715,0.8531746031746033,pre_only_or_decreased_to_zero,,,,,
adverse_event_reporting,adverse_event_underreporting,1.0,0.0,5,9,0.2,0.0,-0.2,0.2,0.004975124378109453,-7.651051691178929,False,True,False,True,0.35714285714285715,0.8531746031746033,pre_only_or_decreased_to_zero,,,,,
adverse_event_reporting,clinical_quality_assurance,1.0,0.0,5,9,0.2,0.0,-0.2,0.2,0.004975124378109453,-7.651051691178929,False,True,False,True,0.35714285714285715,0.8531746031746033,pre_only_or_decreased_to_zero,,,,,
adverse_event_reporting,clinical_study,1.0,0.0,5,9,0.2,0.0,-0.2,0.2,0.004975124378109453,-7.651051691178929,False,True,False,True,0.35714285714285715,0.8531746031746033,pre_only_or_decreased_to_zero,,,,,
adverse_event_reporting,corrective_preventive_action,1.0,0.0,5,9,0.2,0.0,-0.2,0.2,0.004975124378109453,-7.651051691178929,False,True,False,True,0.35714285714285715,0.8531746031746033,pre_only_or_decreased_to_zero,,,,,
adverse_event_reporting,data_quality,1.0,0.0,5,9,0.2,0.0,-0.2,0.2,0.004975124378109453,-7.651051691178929,False,True,False,True,0.35714285714285715,0.8531746031746033,pre_only_or_decreased_to_zero,,,,,
adverse_event_reporting,machine_learning,1.0,0.0,5,9,0.2,0.0,-0.2,0.2,0.004975124378109453,-7.651051691178929,False,True,False,True,0.35714285714285715,0.8531746031746033,pre_only_or_decreased_to_zero,,,,,
adverse_event_reporting,predictive_modeling,1.0,0.0,5,9,0.2,0.0,-0.2,0.2,0.004975124378109453,-7.651051691178929,False,True,False,True,0.35714285714285715,0.8531746031746033,pre_only_or_decreased_to_zero,,,,,
adverse_event_reporting,quality_assurance,1.0,0.0,5,9,0.2,0.0,-0.2,0.2,0.004975124378109453,-7.651051691178929,False,True,False,True,0.35714285714285715,0.8531746031746033,pre_only_or_decreased_to_zero,,,,,
adverse_event_reporting,regulatory_guideline,1.0,0.0,5,9,0.2,0.0,-0.2,0.2,0.004975124378109453,-7.651051691178929,False,True,False,True,0.35714285714285715,0.8531746031746033,pre_only_or_decreased_to_zero,,,,,
adverse_event_reporting,roles_responsibilities,1.0,0.0,5,9,0.2,0.0,-0.2,0.2,0.004975124378109453,-7.651051691178929,False,True,False,True,0.35714285714285715,0.8531746031746033,pre_only_or_decreased_to_zero,,,,,
adverse_event_underreporting,clinical_quality_assurance,1.0,0.0,5,9,0.2,0.0,-0.2,0.2,0.004975124378109453,-7.651051691178929,False,True,False,True,0.35714285714285715,0.8531746031746033,pre_only_or_decreased_to_zero,,,,,
adverse_event_underreporting,clinical_study,1.0,0.0,5,9,0.2,0.0,-0.2,0.2,0.004975124378109453,-7.651051691178929,False,True,False,True,0.35714285714285715,0.8531746031746033,pre_only_or_decreased_to_zero,,,,,
adverse_event_underreporting,clinical_trial,1.0,0.0,5,9,0.2,0.0,-0.2,0.2,0.004975124378109453,-7.651051691178929,False,True,False,True,0.35714285714285715,0.8531746031746033,pre_only_or_decreased_to_zero,,,,,
adverse_event_underreporting,data_integrity,1.0,0.0,5,9,0.2,0.0,-0.2,0.2,0.004975124378109453,-7.651051691178929,False,True,False,True,0.35714285714285715,0.8531746031746033,pre_only_or_decreased_to_zero,,,,,
adverse_event_underreporting,machine_learning,1.0,0.0,5,9,0.2,0.0,-0.2,0.2,0.004975124378109453,-7.651051691178929,False,True,False,True,0.35714285714285715,0.8531746031746033,pre_only_or_decreased_to_zero,,,,,
adverse_event_underreporting,oversight,1.0,0.0,5,9,0.2,0.0,-0.2,0.2,0.004975124378109453,-7.651051691178929,False,True,False,True,0.35714285714285715,0.8531746031746033,pre_only_or_decreased_to_zero,,,,,
adverse_event_underreporting,predictive_modeling,1.0,0.0,5,9,0.2,0.0,-0.2,0.2,0.004975124378109453,-7.651051691178929,False,True,False,True,0.35714285714285715,0.8531746031746033,pre_only_or_decreased_to_zero,,,,,
adverse_event_underreporting,regulatory_guideline,1.0,0.0,5,9,0.2,0.0,-0.2,0.2,0.004975124378109453,-7.651051691178929,False,True,False,True,0.35714285714285715,0.8531746031746033,pre_only_or_decreased_to_zero,,,,,
centralized_monitoring,clinical_trial,1.0,0.0,5,9,0.2,0.0,-0.2,0.2,0.004975124378109453,-7.651051691178929,False,True,False,True,0.35714285714285715,0.8531746031746033,pre_only_or_decreased_to_zero,,,,,
centralized_monitoring,data_integrity,1.0,0.0,5,9,0.2,0.0,-0.2,0.2,0.004975124378109453,-7.651051691178929,False,True,False,True,0.35714285714285715,0.8531746031746033,pre_only_or_decreased_to_zero,,,,,
centralized_monitoring,governance,1.0,0.0,5,9,0.2,0.0,-0.2,0.2,0.004975124378109453,-7.651051691178929,False,True,False,True,0.35714285714285715,0.8531746031746033,pre_only_or_decreased_to_zero,,,,,
clinical_quality_assurance,clinical_study,1.0,0.0,5,9,0.2,0.0,-0.2,0.2,0.004975124378109453,-7.651051691178929,False,True,False,True,0.35714285714285715,0.8531746031746033,pre_only_or_decreased_to_zero,,,,,
clinical_quality_assurance,machine_learning,1.0,0.0,5,9,0.2,0.0,-0.2,0.2,0.004975124378109453,-7.651051691178929,False,True,False,True,0.35714285714285715,0.8531746031746033,pre_only_or_decreased_to_zero,,,,,
clinical_quality_assurance,oversight,1.0,0.0,5,9,0.2,0.0,-0.2,0.2,0.004975124378109453,-7.651051691178929,False,True,False,True,0.35714285714285715,0.8531746031746033,pre_only_or_decreased_to_zero,,,,,
clinical_quality_assurance,predictive_modeling,1.0,0.0,5,9,0.2,0.0,-0.2,0.2,0.004975124378109453,-7.651051691178929,False,True,False,True,0.35714285714285715,0.8531746031746033,pre_only_or_decreased_to_zero,,,,,
clinical_quality_assurance,regulatory_guideline,1.0,0.0,5,9,0.2,0.0,-0.2,0.2,0.004975124378109453,-7.651051691178929,False,True,False,True,0.35714285714285715,0.8531746031746033,pre_only_or_decreased_to_zero,,,,,
clinical_research,clinical_study,1.0,0.0,5,9,0.2,0.0,-0.2,0.2,0.004975124378109453,-7.651051691178929,False,True,False,True,0.35714285714285715,0.8531746031746033,pre_only_or_decreased_to_zero,,,,,
clinical_research,quality_assurance,1.0,0.0,5,9,0.2,0.0,-0.2,0.2,0.004975124378109453,-7.651051691178929,False,True,False,True,0.35714285714285715,0.8531746031746033,pre_only_or_decreased_to_zero,,,,,
clinical_research,regulatory_guideline,1.0,0.0,5,9,0.2,0.0,-0.2,0.2,0.004975124378109453,-7.651051691178929,False,True,False,True,0.35714285714285715,0.8531746031746033,pre_only_or_decreased_to_zero,,,,,
clinical_study,machine_learning,1.0,0.0,5,9,0.2,0.0,-0.2,0.2,0.004975124378109453,-7.651051691178929,False,True,False,True,0.35714285714285715,0.8531746031746033,pre_only_or_decreased_to_zero,,,,,
clinical_study,predictive_modeling,1.0,0.0,5,9,0.2,0.0,-0.2,0.2,0.004975124378109453,-7.651051691178929,False,True,False,True,0.35714285714285715,0.8531746031746033,pre_only_or_decreased_to_zero,,,,,
clinical_study,quality_assurance,1.0,0.0,5,9,0.2,0.0,-0.2,0.2,0.004975124378109453,-7.651051691178929,False,True,False,True,0.35714285714285715,0.8531746031746033,pre_only_or_decreased_to_zero,,,,,
clinical_trial,corrective_preventive_action,1.0,0.0,5,9,0.2,0.0,-0.2,0.2,0.004975124378109453,-7.651051691178929,False,True,False,True,0.35714285714285715,0.8531746031746033,pre_only_or_decreased_to_zero,,,,,
clinical_trial,predictive_modeling,1.0,0.0,5,9,0.2,0.0,-0.2,0.2,0.004975124378109453,-7.651051691178929,False,True,False,True,0.35714285714285715,0.8531746031746033,pre_only_or_decreased_to_zero,,,,,
clinical_trial,roles_responsibilities,1.0,0.0,5,9,0.2,0.0,-0.2,0.2,0.004975124378109453,-7.651051691178929,False,True,False,True,0.35714285714285715,0.8531746031746033,pre_only_or_decreased_to_zero,,,,,
corrective_preventive_action,data_integrity,1.0,0.0,5,9,0.2,0.0,-0.2,0.2,0.004975124378109453,-7.651051691178929,False,True,False,True,0.35714285714285715,0.8531746031746033,pre_only_or_decreased_to_zero,,,,,
corrective_preventive_action,data_quality,1.0,0.0,5,9,0.2,0.0,-0.2,0.2,0.004975124378109453,-7.651051691178929,False,True,False,True,0.35714285714285715,0.8531746031746033,pre_only_or_decreased_to_zero,,,,,
corrective_preventive_action,oversight,1.0,0.0,5,9,0.2,0.0,-0.2,0.2,0.004975124378109453,-7.651051691178929,False,True,False,True,0.35714285714285715,0.8531746031746033,pre_only_or_decreased_to_zero,,,,,
corrective_preventive_action,quality_assurance,1.0,0.0,5,9,0.2,0.0,-0.2,0.2,0.004975124378109453,-7.651051691178929,False,True,False,True,0.35714285714285715,0.8531746031746033,pre_only_or_decreased_to_zero,,,,,
corrective_preventive_action,roles_responsibilities,1.0,0.0,5,9,0.2,0.0,-0.2,0.2,0.004975124378109453,-7.651051691178929,False,True,False,True,0.35714285714285715,0.8531746031746033,pre_only_or_decreased_to_zero,,,,,
data_integrity,data_quality,1.0,0.0,5,9,0.2,0.0,-0.2,0.2,0.004975124378109453,-7.651051691178929,False,True,False,True,0.35714285714285715,0.8531746031746033,pre_only_or_decreased_to_zero,,,,,
data_integrity,governance,1.0,0.0,5,9,0.2,0.0,-0.2,0.2,0.004975124378109453,-7.651051691178929,False,True,False,True,0.35714285714285715,0.8531746031746033,pre_only_or_decreased_to_zero,,,,,
data_integrity,predictive_modeling,1.0,0.0,5,9,0.2,0.0,-0.2,0.2,0.004975124378109453,-7.651051691178929,False,True,False,True,0.35714285714285715,0.8531746031746033,pre_only_or_decreased_to_zero,,,,,
data_integrity,roles_responsibilities,1.0,0.0,5,9,0.2,0.0,-0.2,0.2,0.004975124378109453,-7.651051691178929,False,True,False,True,0.35714285714285715,0.8531746031746033,pre_only_or_decreased_to_zero,,,,,
data_quality,oversight,1.0,0.0,5,9,0.2,0.0,-0.2,0.2,0.004975124378109453,-7.651051691178929,False,True,False,True,0.35714285714285715,0.8531746031746033,pre_only_or_decreased_to_zero,,,,,
data_quality,quality_assurance,1.0,0.0,5,9,0.2,0.0,-0.2,0.2,0.004975124378109453,-7.651051691178929,False,True,False,True,0.35714285714285715,0.8531746031746033,pre_only_or_decreased_to_zero,,,,,
data_quality,roles_responsibilities,1.0,0.0,5,9,0.2,0.0,-0.2,0.2,0.004975124378109453,-7.651051691178929,False,True,False,True,0.35714285714285715,0.8531746031746033,pre_only_or_decreased_to_zero,,,,,
machine_learning,oversight,1.0,0.0,5,9,0.2,0.0,-0.2,0.2,0.004975124378109453,-7.651051691178929,False,True,False,True,0.35714285714285715,0.8531746031746033,pre_only_or_decreased_to_zero,,,,,
machine_learning,predictive_modeling,1.0,0.0,5,9,0.2,0.0,-0.2,0.2,0.004975124378109453,-7.651051691178929,False,True,False,True,0.35714285714285715,0.8531746031746033,pre_only_or_decreased_to_zero,,,,,
machine_learning,regulatory_guideline,1.0,0.0,5,9,0.2,0.0,-0.2,0.2,0.004975124378109453,-7.651051691178929,False,True,False,True,0.35714285714285715,0.8531746031746033,pre_only_or_decreased_to_zero,,,,,
oversight,predictive_modeling,1.0,0.0,5,9,0.2,0.0,-0.2,0.2,0.004975124378109453,-7.651051691178929,False,True,False,True,0.35714285714285715,0.8531746031746033,pre_only_or_decreased_to_zero,,,,,
oversight,roles_responsibilities,1.0,0.0,5,9,0.2,0.0,-0.2,0.2,0.004975124378109453,-7.651051691178929,False,True,False,True,0.35714285714285715,0.8531746031746033,pre_only_or_decreased_to_zero,,,,,
predictive_modeling,regulatory_guideline,1.0,0.0,5,9,0.2,0.0,-0.2,0.2,0.004975124378109453,-7.651051691178929,False,True,False,True,0.35714285714285715,0.8531746031746033,pre_only_or_decreased_to_zero,,,,,
quality_assurance,regulatory_guideline,1.0,0.0,5,9,0.2,0.0,-0.2,0.2,0.004975124378109453,-7.651051691178929,False,True,False,True,0.35714285714285715,0.8531746031746033,pre_only_or_decreased_to_zero,,,,,
quality_assurance,roles_responsibilities,1.0,0.0,5,9,0.2,0.0,-0.2,0.2,0.004975124378109453,-7.651051691178929,False,True,False,True,0.35714285714285715,0.8531746031746033,pre_only_or_decreased_to_zero,,,,,
clinical_trial,data_integrity,4.0,6.0,5,9,0.8,0.6666666666666666,-0.13333333333333341,0.13333333333333341,0.8335414065751143,-0.2626742273171588,False,False,False,False,1.0,1.0,stable_or_small_change,10.0,2011.0,2025.0,Clinical_Operations,Data
backup_recovery,clinical_trial,0.0,1.0,5,9,0.0,0.1111111111111111,0.1111111111111111,0.1111111111111111,112.1111111111111,6.808785457664045,True,False,True,False,1.0,1.0,new_post_covid,,,,,
backup_recovery,oversight,0.0,1.0,5,9,0.0,0.1111111111111111,0.1111111111111111,0.1111111111111111,112.1111111111111,6.808785457664045,True,False,True,False,1.0,1.0,new_post_covid,,,,,
central_statistical_monitoring,clinical_trial,0.0,1.0,5,9,0.0,0.1111111111111111,0.1111111111111111,0.1111111111111111,112.1111111111111,6.808785457664045,True,False,True,False,1.0,1.0,new_post_covid,,,,,
central_statistical_monitoring,data_integrity,0.0,1.0,5,9,0.0,0.1111111111111111,0.1111111111111111,0.1111111111111111,112.1111111111111,6.808785457664045,True,False,True,False,1.0,1.0,new_post_covid,,,,,
central_statistical_monitoring,outlier_detection,0.0,1.0,5,9,0.0,0.1111111111111111,0.1111111111111111,0.1111111111111111,112.1111111111111,6.808785457664045,True,False,True,False,1.0,1.0,new_post_covid,,,,,
central_statistical_monitoring,risk_based_monitoring,0.0,1.0,5,9,0.0,0.1111111111111111,0.1111111111111111,0.1111111111111111,112.1111111111111,6.808785457664045,True,False,True,False,1.0,1.0,new_post_covid,,,,,
clinical_quality_assurance,interpretability,0.0,1.0,5,9,0.0,0.1111111111111111,0.1111111111111111,0.1111111111111111,112.1111111111111,6.808785457664045,True,False,True,False,1.0,1.0,new_post_covid,,,,,
clinical_quality_assurance,quality_assurance,0.0,1.0,5,9,0.0,0.1111111111111111,0.1111111111111111,0.1111111111111111,112.1111111111111,6.808785457664045,True,False,True,False,1.0,1.0,new_post_covid,,,,,
clinical_quality_assurance,quality_risk_assessment,0.0,1.0,5,9,0.0,0.1111111111111111,0.1111111111111111,0.1111111111111111,112.1111111111111,6.808785457664045,True,False,True,False,1.0,1.0,new_post_covid,,,,,
clinical_quality_assurance,sponsor_oversight,0.0,1.0,5,9,0.0,0.1111111111111111,0.1111111111111111,0.1111111111111111,112.1111111111111,6.808785457664045,True,False,True,False,1.0,1.0,new_post_covid,,,,,
clinical_quality_assurance,statistical_modeling,0.0,1.0,5,9,0.0,0.1111111111111111,0.1111111111111111,0.1111111111111111,112.1111111111111,6.808785457664045,True,False,True,False,1.0,1.0,new_post_covid,,,,,
clinical_research,site_monitoring,0.0,1.0,5,9,0.0,0.1111111111111111,0.1111111111111111,0.1111111111111111,112.1111111111111,6.808785457664045,True,False,True,False,1.0,1.0,new_post_covid,,,,,
clinical_trial,computerized_system,0.0,1.0,5,9,0.0,0.1111111111111111,0.1111111111111111,0.1111111111111111,112.1111111111111,6.808785457664045,True,False,True,False,1.0,1.0,new_post_covid,,,,,
clinical_trial,computerized_systems_validation,0.0,1.0,5,9,0.0,0.1111111111111111,0.1111111111111111,0.1111111111111111,112.1111111111111,6.808785457664045,True,False,True,False,1.0,1.0,new_post_covid,,,,,
clinical_trial,critical_to_quality,0.0,1.0,5,9,0.0,0.1111111111111111,0.1111111111111111,0.1111111111111111,112.1111111111111,6.808785457664045,True,False,True,False,1.0,1.0,new_post_covid,,,,,
clinical_trial,governance_traceability,0.0,1.0,5,9,0.0,0.1111111111111111,0.1111111111111111,0.1111111111111111,112.1111111111111,6.808785457664045,True,False,True,False,1.0,1.0,new_post_covid,,,,,
clinical_trial,outlier_detection,0.0,1.0,5,9,0.0,0.1111111111111111,0.1111111111111111,0.1111111111111111,112.1111111111111,6.808785457664045,True,False,True,False,1.0,1.0,new_post_covid,,,,,
clinical_trial,quality_by_design,0.0,1.0,5,9,0.0,0.1111111111111111,0.1111111111111111,0.1111111111111111,112.1111111111111,6.808785457664045,True,False,True,False,1.0,1.0,new_post_covid,,,,,
clinical_trial,quality_tolerance_limit,0.0,1.0,5,9,0.0,0.1111111111111111,0.1111111111111111,0.1111111111111111,112.1111111111111,6.808785457664045,True,False,True,False,1.0,1.0,new_post_covid,,,,,
clinical_trial,remote_auditing,0.0,1.0,5,9,0.0,0.1111111111111111,0.1111111111111111,0.1111111111111111,112.1111111111111,6.808785457664045,True,False,True,False,1.0,1.0,new_post_covid,,,,,
clinical_trial,source_data_verification,0.0,1.0,5,9,0.0,0.1111111111111111,0.1111111111111111,0.1111111111111111,112.1111111111111,6.808785457664045,True,False,True,False,1.0,1.0,new_post_covid,,,,,
clinical_trial,sponsor_oversight,0.0,1.0,5,9,0.0,0.1111111111111111,0.1111111111111111,0.1111111111111111,112.1111111111111,6.808785457664045,True,False,True,False,1.0,1.0,new_post_covid,,,,,
clinical_trial,technical_support,0.0,1.0,5,9,0.0,0.1111111111111111,0.1111111111111111,0.1111111111111111,112.1111111111111,6.808785457664045,True,False,True,False,1.0,1.0,new_post_covid,,,,,
computerized_system,computerized_systems_validation,0.0,1.0,5,9,0.0,0.1111111111111111,0.1111111111111111,0.1111111111111111,112.1111111111111,6.808785457664045,True,False,True,False,1.0,1.0,new_post_covid,,,,,
computerized_system,critical_to_quality,0.0,1.0,5,9,0.0,0.1111111111111111,0.1111111111111111,0.1111111111111111,112.1111111111111,6.808785457664045,True,False,True,False,1.0,1.0,new_post_covid,,,,,
computerized_system,data_quality,0.0,1.0,5,9,0.0,0.1111111111111111,0.1111111111111111,0.1111111111111111,112.1111111111111,6.808785457664045,True,False,True,False,1.0,1.0,new_post_covid,,,,,
computerized_system,governance,0.0,1.0,5,9,0.0,0.1111111111111111,0.1111111111111111,0.1111111111111111,112.1111111111111,6.808785457664045,True,False,True,False,1.0,1.0,new_post_covid,,,,,
computerized_system,risk_based_monitoring,0.0,1.0,5,9,0.0,0.1111111111111111,0.1111111111111111,0.1111111111111111,112.1111111111111,6.808785457664045,True,False,True,False,1.0,1.0,new_post_covid,,,,,
computerized_systems_validation,critical_to_quality,0.0,1.0,5,9,0.0,0.1111111111111111,0.1111111111111111,0.1111111111111111,112.1111111111111,6.808785457664045,True,False,True,False,1.0,1.0,new_post_covid,,,,,
computerized_systems_validation,data_quality,0.0,1.0,5,9,0.0,0.1111111111111111,0.1111111111111111,0.1111111111111111,112.1111111111111,6.808785457664045,True,False,True,False,1.0,1.0,new_post_covid,,,,,
computerized_systems_validation,governance,0.0,1.0,5,9,0.0,0.1111111111111111,0.1111111111111111,0.1111111111111111,112.1111111111111,6.808785457664045,True,False,True,False,1.0,1.0,new_post_covid,,,,,
computerized_systems_validation,risk_based_monitoring,0.0,1.0,5,9,0.0,0.1111111111111111,0.1111111111111111,0.1111111111111111,112.1111111111111,6.808785457664045,True,False,True,False,1.0,1.0,new_post_covid,,,,,
critical_to_quality,data_quality,0.0,1.0,5,9,0.0,0.1111111111111111,0.1111111111111111,0.1111111111111111,112.1111111111111,6.808785457664045,True,False,True,False,1.0,1.0,new_post_covid,,,,,
critical_to_quality,governance,0.0,1.0,5,9,0.0,0.1111111111111111,0.1111111111111111,0.1111111111111111,112.1111111111111,6.808785457664045,True,False,True,False,1.0,1.0,new_post_covid,,,,,
critical_to_quality,risk_based_monitoring,0.0,1.0,5,9,0.0,0.1111111111111111,0.1111111111111111,0.1111111111111111,112.1111111111111,6.808785457664045,True,False,True,False,1.0,1.0,new_post_covid,,,,,
data_integrity,governance_traceability,0.0,1.0,5,9,0.0,0.1111111111111111,0.1111111111111111,0.1111111111111111,112.1111111111111,6.808785457664045,True,False,True,False,1.0,1.0,new_post_covid,,,,,
data_integrity,outlier_detection,0.0,1.0,5,9,0.0,0.1111111111111111,0.1111111111111111,0.1111111111111111,112.1111111111111,6.808785457664045,True,False,True,False,1.0,1.0,new_post_covid,,,,,
data_integrity,quality_by_design,0.0,1.0,5,9,0.0,0.1111111111111111,0.1111111111111111,0.1111111111111111,112.1111111111111,6.808785457664045,True,False,True,False,1.0,1.0,new_post_covid,,,,,
data_integrity,quality_tolerance_limit,0.0,1.0,5,9,0.0,0.1111111111111111,0.1111111111111111,0.1111111111111111,112.1111111111111,6.808785457664045,True,False,True,False,1.0,1.0,new_post_covid,,,,,
data_integrity,remote_auditing,0.0,1.0,5,9,0.0,0.1111111111111111,0.1111111111111111,0.1111111111111111,112.1111111111111,6.808785457664045,True,False,True,False,1.0,1.0,new_post_covid,,,,,
data_integrity,source_data_verification,0.0,1.0,5,9,0.0,0.1111111111111111,0.1111111111111111,0.1111111111111111,112.1111111111111,6.808785457664045,True,False,True,False,1.0,1.0,new_post_covid,,,,,
data_integrity,sponsor_oversight,0.0,1.0,5,9,0.0,0.1111111111111111,0.1111111111111111,0.1111111111111111,112.1111111111111,6.808785457664045,True,False,True,False,1.0,1.0,new_post_covid,,,,,
data_quality,governance,0.0,1.0,5,9,0.0,0.1111111111111111,0.1111111111111111,0.1111111111111111,112.1111111111111,6.808785457664045,True,False,True,False,1.0,1.0,new_post_covid,,,,,
data_quality,risk_based_monitoring,0.0,1.0,5,9,0.0,0.1111111111111111,0.1111111111111111,0.1111111111111111,112.1111111111111,6.808785457664045,True,False,True,False,1.0,1.0,new_post_covid,,,,,
governance,risk_based_monitoring,0.0,1.0,5,9,0.0,0.1111111111111111,0.1111111111111111,0.1111111111111111,112.1111111111111,6.808785457664045,True,False,True,False,1.0,1.0,new_post_covid,,,,,
governance_traceability,quality_by_design,0.0,1.0,5,9,0.0,0.1111111111111111,0.1111111111111111,0.1111111111111111,112.1111111111111,6.808785457664045,True,False,True,False,1.0,1.0,new_post_covid,,,,,
interpretability,remote_auditing,0.0,1.0,5,9,0.0,0.1111111111111111,0.1111111111111111,0.1111111111111111,112.1111111111111,6.808785457664045,True,False,True,False,1.0,1.0,new_post_covid,,,,,
interpretability,sponsor_oversight,0.0,1.0,5,9,0.0,0.1111111111111111,0.1111111111111111,0.1111111111111111,112.1111111111111,6.808785457664045,True,False,True,False,1.0,1.0,new_post_covid,,,,,
machine_learning,quality_assurance,0.0,1.0,5,9,0.0,0.1111111111111111,0.1111111111111111,0.1111111111111111,112.1111111111111,6.808785457664045,True,False,True,False,1.0,1.0,new_post_covid,,,,,
machine_learning,quality_tolerance_limit,0.0,1.0,5,9,0.0,0.1111111111111111,0.1111111111111111,0.1111111111111111,112.1111111111111,6.808785457664045,True,False,True,False,1.0,1.0,new_post_covid,,,,,
machine_learning,risk_based_monitoring,0.0,1.0,5,9,0.0,0.1111111111111111,0.1111111111111111,0.1111111111111111,112.1111111111111,6.808785457664045,True,False,True,False,1.0,1.0,new_post_covid,,,,,
machine_learning,site_monitoring,0.0,1.0,5,9,0.0,0.1111111111111111,0.1111111111111111,0.1111111111111111,112.1111111111111,6.808785457664045,True,False,True,False,1.0,1.0,new_post_covid,,,,,
machine_learning,source_data_verification,0.0,1.0,5,9,0.0,0.1111111111111111,0.1111111111111111,0.1111111111111111,112.1111111111111,6.808785457664045,True,False,True,False,1.0,1.0,new_post_covid,,,,,
outlier_detection,risk_based_monitoring,0.0,1.0,5,9,0.0,0.1111111111111111,0.1111111111111111,0.1111111111111111,112.1111111111111,6.808785457664045,True,False,True,False,1.0,1.0,new_post_covid,,,,,
oversight,site_monitoring,0.0,1.0,5,9,0.0,0.1111111111111111,0.1111111111111111,0.1111111111111111,112.1111111111111,6.808785457664045,True,False,True,False,1.0,1.0,new_post_covid,,,,,
oversight,technical_support,0.0,1.0,5,9,0.0,0.1111111111111111,0.1111111111111111,0.1111111111111111,112.1111111111111,6.808785457664045,True,False,True,False,1.0,1.0,new_post_covid,,,,,
quality_assurance,quality_tolerance_limit,0.0,1.0,5,9,0.0,0.1111111111111111,0.1111111111111111,0.1111111111111111,112.1111111111111,6.808785457664045,True,False,True,False,1.0,1.0,new_post_covid,,,,,
quality_assurance,remote_auditing,0.0,1.0,5,9,0.0,0.1111111111111111,0.1111111111111111,0.1111111111111111,112.1111111111111,6.808785457664045,True,False,True,False,1.0,1.0,new_post_covid,,,,,
quality_assurance,risk_based_monitoring,0.0,1.0,5,9,0.0,0.1111111111111111,0.1111111111111111,0.1111111111111111,112.1111111111111,6.808785457664045,True,False,True,False,1.0,1.0,new_post_covid,,,,,
quality_assurance,site_monitoring,0.0,1.0,5,9,0.0,0.1111111111111111,0.1111111111111111,0.1111111111111111,112.1111111111111,6.808785457664045,True,False,True,False,1.0,1.0,new_post_covid,,,,,
quality_assurance,source_data_verification,0.0,1.0,5,9,0.0,0.1111111111111111,0.1111111111111111,0.1111111111111111,112.1111111111111,6.808785457664045,True,False,True,False,1.0,1.0,new_post_covid,,,,,
quality_assurance,sponsor_oversight,0.0,1.0,5,9,0.0,0.1111111111111111,0.1111111111111111,0.1111111111111111,112.1111111111111,6.808785457664045,True,False,True,False,1.0,1.0,new_post_covid,,,,,
quality_risk_assessment,remote_auditing,0.0,1.0,5,9,0.0,0.1111111111111111,0.1111111111111111,0.1111111111111111,112.1111111111111,6.808785457664045,True,False,True,False,1.0,1.0,new_post_covid,,,,,
quality_risk_assessment,sponsor_oversight,0.0,1.0,5,9,0.0,0.1111111111111111,0.1111111111111111,0.1111111111111111,112.1111111111111,6.808785457664045,True,False,True,False,1.0,1.0,new_post_covid,,,,,
quality_tolerance_limit,risk_based_monitoring,0.0,1.0,5,9,0.0,0.1111111111111111,0.1111111111111111,0.1111111111111111,112.1111111111111,6.808785457664045,True,False,True,False,1.0,1.0,new_post_covid,,,,,
quality_tolerance_limit,site_monitoring,0.0,1.0,5,9,0.0,0.1111111111111111,0.1111111111111111,0.1111111111111111,112.1111111111111,6.808785457664045,True,False,True,False,1.0,1.0,new_post_covid,,,,,
quality_tolerance_limit,source_data_verification,0.0,1.0,5,9,0.0,0.1111111111111111,0.1111111111111111,0.1111111111111111,112.1111111111111,6.808785457664045,True,False,True,False,1.0,1.0,new_post_covid,,,,,
remote_auditing,statistical_modeling,0.0,1.0,5,9,0.0,0.1111111111111111,0.1111111111111111,0.1111111111111111,112.1111111111111,6.808785457664045,True,False,True,False,1.0,1.0,new_post_covid,,,,,
risk_based_monitoring,site_monitoring,0.0,1.0,5,9,0.0,0.1111111111111111,0.1111111111111111,0.1111111111111111,112.1111111111111,6.808785457664045,True,False,True,False,1.0,1.0,new_post_covid,,,,,
risk_based_monitoring,source_data_verification,0.0,1.0,5,9,0.0,0.1111111111111111,0.1111111111111111,0.1111111111111111,112.1111111111111,6.808785457664045,True,False,True,False,1.0,1.0,new_post_covid,,,,,
site_monitoring,source_data_verification,0.0,1.0,5,9,0.0,0.1111111111111111,0.1111111111111111,0.1111111111111111,112.1111111111111,6.808785457664045,True,False,True,False,1.0,1.0,new_post_covid,,,,,
sponsor_oversight,statistical_modeling,0.0,1.0,5,9,0.0,0.1111111111111111,0.1111111111111111,0.1111111111111111,112.1111111111111,6.808785457664045,True,False,True,False,1.0,1.0,new_post_covid,,,,,
clinical_quality_assurance,clinical_trial,1.0,1.0,5,9,0.2,0.1111111111111111,-0.0888888888888889,0.0888888888888889,0.5577667219458263,-0.8422662335148839,False,False,False,False,1.0,1.0,stable_or_small_change,2.0,2019.0,2020.0,RBQM,Clinical_Operations
clinical_quality_assurance,data_integrity,1.0,1.0,5,9,0.2,0.1111111111111111,-0.0888888888888889,0.0888888888888889,0.5577667219458263,-0.8422662335148839,False,False,False,False,1.0,1.0,stable_or_small_change,2.0,2019.0,2020.0,RBQM,Data
clinical_research,clinical_trial,1.0,1.0,5,9,0.2,0.1111111111111111,-0.0888888888888889,0.0888888888888889,0.5577667219458263,-0.8422662335148839,False,False,False,False,1.0,1.0,stable_or_small_change,2.0,2017.0,2021.0,Clinical_Operations,Clinical_Operations
clinical_research,data_integrity,1.0,1.0,5,9,0.2,0.1111111111111111,-0.0888888888888889,0.0888888888888889,0.5577667219458263,-0.8422662335148839,False,False,False,False,1.0,1.0,stable_or_small_change,2.0,2017.0,2021.0,Clinical_Operations,Data
clinical_research,oversight,1.0,1.0,5,9,0.2,0.1111111111111111,-0.0888888888888889,0.0888888888888889,0.5577667219458263,-0.8422662335148839,False,False,False,False,1.0,1.0,stable_or_small_change,2.0,2017.0,2021.0,Clinical_Operations,Clinical_Operations
clinical_trial,data_quality,1.0,1.0,5,9,0.2,0.1111111111111111,-0.0888888888888889,0.0888888888888889,0.5577667219458263,-0.8422662335148839,False,False,False,False,1.0,1.0,stable_or_small_change,2.0,2011.0,2023.0,Clinical_Operations,Data
clinical_trial,governance,1.0,1.0,5,9,0.2,0.1111111111111111,-0.0888888888888889,0.0888888888888889,0.5577667219458263,-0.8422662335148839,False,False,False,False,1.0,1.0,stable_or_small_change,2.0,2016.0,2023.0,Clinical_Operations,Governance
clinical_trial,machine_learning,1.0,1.0,5,9,0.2,0.1111111111111111,-0.0888888888888889,0.0888888888888889,0.5577667219458263,-0.8422662335148839,False,False,False,False,1.0,1.0,stable_or_small_change,2.0,2019.0,2025.0,Clinical_Operations,AI
data_integrity,machine_learning,1.0,1.0,5,9,0.2,0.1111111111111111,-0.0888888888888889,0.0888888888888889,0.5577667219458263,-0.8422662335148839,False,False,False,False,1.0,1.0,stable_or_small_change,2.0,2019.0,2025.0,Data,AI
data_integrity,quality_assurance,2.0,3.0,5,9,0.4,0.3333333333333333,-0.06666666666666671,0.06666666666666671,0.8337489609310057,-0.26231503656389604,False,False,False,False,1.0,1.0,stable_or_small_change,5.0,2011.0,2025.0,Data,RBQM
